id,name,release,meter,score,thumb,summary
1,It Happened One Night,2/22/1934,99,93,https://resizing.flixster.com/R6W8d94bsIKqkYI2TuVh33ofIQo=/206x305/v2/https://flxt.tmsimg.com/assets/p3584_p_v8_aa.jpg,"In Frank Capra's acclaimed romantic comedy, spoiled heiress Ellie Andrews (Claudette Colbert) impetuously marries the scheming King Westley, leading her tycoon father (Walter Connolly) to spirit her away on his yacht. After jumping ship, Ellie falls in with cynical newspaper reporter Peter Warne (Clark Gable), who offers to help her reunite with her new husband in exchange for an exclusive story. But during their travels, the reporter finds himself falling for the feisty young heiress."
2,Citizen Kane,5/1/1941,99,90,https://resizing.flixster.com/AUGwLwPoIOqnJzxEMaBbVHo349U=/206x305/v2/https://flxt.tmsimg.com/assets/p1485_p_v8_aa.jpg,"When a reporter is assigned to decipher newspaper magnate Charles Foster Kane's (Orson Welles) dying words, his investigation gradually reveals the fascinating portrait of a complex man who rose from obscurity to staggering heights. Though Kane's friend and colleague Jedediah Leland (Joseph Cotten), and his mistress, Susan Alexander (Dorothy Comingore), shed fragments of light on Kane's life, the reporter fears he may never penetrate the mystery of the elusive man's final word, ""Rosebud."""
3,The Wizard of Oz,8/25/1939,98,89,https://resizing.flixster.com/ulqUDhVVuKGWDLeBtkp9KjyReo8=/206x305/v2/https://flxt.tmsimg.com/NowShowing/129612/129612_ab.jpg,"When a tornado rips through Kansas, Dorothy (Judy Garland) and her dog, Toto, are whisked away in their house to the magical land of Oz. They follow the Yellow Brick Road toward the Emerald City to meet the Wizard, and en route they meet a Scarecrow (Ray Bolger) that needs a brain, a Tin Man (Jack Haley) missing a heart, and a Cowardly Lion (Bert Lahr) who wants courage. The wizard asks the group to bring him the broom of the Wicked Witch of the West (Margaret Hamilton) to earn his help."
4,Modern Times,2/5/1936,98,95,https://resizing.flixster.com/qN-w9Z9snWQnLq-0pPX4H3ud2Q8=/206x305/v2/https://flxt.tmsimg.com/assets/p6870_p_v8_aa.jpg,"This comedic masterpiece finds the iconic Little Tramp (Charlie Chaplin) employed at a state-of-the-art factory where the inescapable machinery completely overwhelms him, and where various mishaps keep getting him sent to prison. In between his various jail stints, he meets and befriends an orphan girl (Paulette Goddard). Both together and apart, they try to contend with the difficulties of modern life, with the Tramp working as a waiter and eventually a performer."
5,Black Panther,2/16/2018,96,79,https://resizing.flixster.com/P3XrfzcI9ycfMEdR6iqwPPv0rvU=/206x305/v2/https://resizing.flixster.com/dH6cVqiBByzFjrjLDr9NW9dSdQY=/ems.ZW1zLXByZC1hc3NldHMvbW92aWVzLzMxOGI1YzBhLWMyMjEtNGUxMS1iM2Q0LWQ4OGMyYzQyZjQyYS53ZWJw,"After the death of his father, T'Challa returns home to the African nation of Wakanda to take his rightful place as king. When a powerful enemy suddenly reappears, T'Challa's mettle as king -- and as Black Panther -- gets tested when he's drawn into a conflict that puts the fate of Wakanda and the entire world at risk. Faced with treachery and danger, the young king must rally his allies and release the full power of Black Panther to defeat his foes and secure the safety of his people."
6,Parasite,11/1/2019,98,90,https://resizing.flixster.com/enYPx96luLq0FWTdEpiWqX6rxMk=/206x305/v2/https://resizing.flixster.com/OCnoNZ2b2Z_Bpa0RX35IwYN1lLQ=/ems.ZW1zLXByZC1hc3NldHMvbW92aWVzLzZlZWEwMmY4LTk1OWUtNGEyOS04ODRmLTA0OWRjMzhlYWZkNi53ZWJw,Greed and class discrimination threaten the newly formed symbiotic relationship between the wealthy Park family and the destitute Kim clan.
7,Avengers: Endgame,4/26/2019,94,90,https://resizing.flixster.com/3Qqub489aOFnU3bfl835A_dYALk=/206x305/v2/https://resizing.flixster.com/j8RBPQAWUY99VK2IcLRbSdZs0o4=/ems.ZW1zLXByZC1hc3NldHMvbW92aWVzL2QxZjE5ZDgzLTRiY2MtNDFkYS04NWQ4LTRkYzc1ZTAwNWE2NC53ZWJw,"Adrift in space with no food or water, Tony Stark sends a message to Pepper Potts as his oxygen supply starts to dwindle. Meanwhile, the remaining Avengers -- Thor, Black Widow, Captain America and Bruce Banner -- must figure out a way to bring back their vanquished allies for an epic showdown with Thanos -- the evil demigod who decimated the planet and the universe."
8,Casablanca,1/23/1943,99,95,https://resizing.flixster.com/jl916WwYEgZd4TpevD4pVlz2Lc4=/206x305/v2/https://flxt.tmsimg.com/assets/p651_p_v8_ab.jpg,"Rick Blaine (Humphrey Bogart), who owns a nightclub in Casablanca, discovers his old flame Ilsa (Ingrid Bergman) is in town with her husband, Victor Laszlo (Paul Henreid). Laszlo is a famed rebel, and with Germans on his tail, Ilsa knows Rick can help them get out of the country."
9,Knives Out,11/27/2019,97,92,https://resizing.flixster.com/51Q8Wm5zvrn0VcEv7fRhuf6DXgY=/206x305/v2/https://resizing.flixster.com/mxWCkewT0pWYekfI7x9Y8QKPh14=/ems.ZW1zLXByZC1hc3NldHMvbW92aWVzLzVlNDRiYTk4LTNmYjAtNDdlYi04ZGU0LTZiYjU3ODVjNWRkNi53ZWJw,"The circumstances surrounding the death of crime novelist Harlan Thrombey are mysterious, but there's one thing that renowned Detective Benoit Blanc knows for sure -- everyone in the wildly dysfunctional Thrombey family is a suspect. Now, Blanc must sift through a web of lies and red herrings to uncover the truth."
10,Us,3/22/2019,93,60,https://resizing.flixster.com/YuVoaAfzakm8Ae2A-LKiyEFl3ac=/206x305/v2/https://flxt.tmsimg.com/assets/p15955710_p_v8_aa.jpg,"Accompanied by her husband, son and daughter, Adelaide Wilson returns to the beachfront home where she grew up as a child. Haunted by a traumatic experience from the past, Adelaide grows increasingly concerned that something bad is going to happen. Her worst fears soon become a reality when four masked strangers descend upon the house, forcing the Wilsons into a fight for survival. When the masks come off, the family is horrified to learn that each attacker takes the appearance of one of them."
11,Toy Story 4,6/21/2019,97,94,https://resizing.flixster.com/aGKbVE0AwEAO3pZkqBogIh5wQ9w=/206x305/v2/https://resizing.flixster.com/5FtUictZjVBsrF_eiPezvxbZ40c=/ems.ZW1zLXByZC1hc3NldHMvbW92aWVzLzk0NTdkMTFjLWMyNTctNDJkZi1hYWNlLTRmOTFlM2U4NTE4OC53ZWJw,"Woody, Buzz Lightyear and the rest of the gang embark on a road trip with Bonnie and a new toy named Forky. The adventurous journey turns into an unexpected reunion as Woody's slight detour leads him to his long-lost friend Bo Peep. As Woody and Bo discuss the old days, they soon start to realize that they're worlds apart when it comes to what they want from life as a toy."
12,Lady Bird,11/22/2017,99,79,https://resizing.flixster.com/P-z2SPSQ7kEXVJKxzk836BO1inU=/206x305/v2/https://flxt.tmsimg.com/assets/p14426291_p_v8_ad.jpg,A teenager (Saoirse Ronan) navigates a loving but turbulent relationship with her strong-willed mother (Laurie Metcalf) over the course of an eventful and poignant senior year of high school.
13,Mission: Impossible -- Fallout,7/27/2018,97,88,https://resizing.flixster.com/7A2ehWVh5ci3f8FM5QWRwIqtYBU=/206x305/v2/https://flxt.tmsimg.com/NowShowing/168920/168920_ac.jpg,"Ethan Hunt and the IMF team join forces with CIA assassin August Walker to prevent a disaster of epic proportions. Arms dealer John Lark and a group of terrorists known as the Apostles plan to use three plutonium cores for a simultaneous nuclear attack on the Vatican, Jerusalem and Mecca, Saudi Arabia. When the weapons go missing, Ethan and his crew find themselves in a desperate race against time to prevent them from falling into the wrong hands."
14,BlacKkKlansman,8/10/2018,96,83,https://resizing.flixster.com/vXXj93B8xkbcdjbbGAt3FvGGdSE=/206x305/v2/https://resizing.flixster.com/ArszerjJ4bJS0oxhN6IL122ACt0=/ems.ZW1zLXByZC1hc3NldHMvbW92aWVzLzhjNzE2NGRmLTI2NmUtNGZhOS1hMjNkLTQyNDhmMzMxN2RjYS53ZWJw,"Ron Stallworth is the first African-American detective to serve in the Colorado Springs Police Department. Determined to make a name for himself, Stallworth bravely sets out on a dangerous mission: infiltrate and expose the Ku Klux Klan. The detective soon recruits a more seasoned colleague, Flip Zimmerman, into the undercover investigation of a lifetime. Together, they team up to take down the extremist hate group as the organization aims to sanitize its rhetoric to appeal to the mainstream."
15,Get Out,2/24/2017,98,86,https://resizing.flixster.com/WQvxDGdZxKzj53GK3fVbkC-2eC8=/206x305/v2/https://resizing.flixster.com/Q2uwvQLSNT5ObCtXKALBjceWDbw=/ems.ZW1zLXByZC1hc3NldHMvbW92aWVzLzNiZGVhNTVmLWQzOGUtNGMwZC1hYmZjLTIxZWE5NThkMTdjNS53ZWJw,"Now that Chris and his girlfriend, Rose, have reached the meet-the-parents milestone of dating, she invites him for a weekend getaway with Missy and Dean. At first, Chris reads the family's overly accommodating behavior as nervous attempts to deal with their daughter's interracial relationship, but as the weekend progresses, a series of increasingly disturbing discoveries leads him to a truth that he never could have imagined."
16,The Irishman,11/1/2019,95,86,https://resizing.flixster.com/JO0091NlbgXGhQ2jPlzD3ldulD4=/206x305/v2/https://resizing.flixster.com/nP0EKgScfbt_xQfYuiHzWTGKfSc=/ems.ZW1zLXByZC1hc3NldHMvbW92aWVzLzViMjBhZDM0LWMxNTUtNDA3OC05ZjVkLTg4MDliYjNhNjdkOC53ZWJw,"In the 1950s, truck driver Frank Sheeran gets involved with Russell Bufalino and his Pennsylvania crime family. As Sheeran climbs the ranks to become a top hit man, he also goes to work for Jimmy Hoffa -- a powerful Teamster tied to organized crime."
17,The Godfather,3/15/1972,97,98,https://resizing.flixster.com/DuGwTf1oZLyO-gJBjQLwVDUAFFU=/206x305/v2/https://flxt.tmsimg.com/NowShowing/43177/43177_aa.jpg,"Widely regarded as one of the greatest films of all time, this mob drama, based on Mario Puzo's novel of the same name, focuses on the powerful Italian-American crime family of Don Vito Corleone (Marlon Brando). When the don's youngest son, Michael (Al Pacino), reluctantly joins the Mafia, he becomes involved in the inevitable cycle of violence and betrayal. Although Michael tries to maintain a normal relationship with his wife, Kay (Diane Keaton), he is drawn deeper into the family business."
18,Mad Max: Fury Road,5/15/2015,97,86,https://resizing.flixster.com/OlMKHx-awXBsb09-L5jWwTgiFMA=/206x305/v2/https://flxt.tmsimg.com/assets/p10854488_p_v8_ao.jpg,"Years after the collapse of civilization, the tyrannical Immortan Joe enslaves apocalypse survivors inside the desert fortress the Citadel. When the warrior Imperator Furiosa (Charlize Theron) leads the despot's five wives in a daring escape, she forges an alliance with Max Rockatansky (Tom Hardy), a loner and former captive. Fortified in the massive, armored truck the War Rig, they try to outrun the ruthless warlord and his henchmen in a deadly high-speed chase through the Wasteland."
19,Spider-Man: Into the Spider-Verse,12/14/2018,97,93,https://resizing.flixster.com/K_xQM7lm1bc34qUvccL8FhDY6G4=/206x305/v2/https://flxt.tmsimg.com/assets/p14939602_p_v8_ab.jpg,"Bitten by a radioactive spider in the subway, Brooklyn teenager Miles Morales suddenly develops mysterious powers that transform him into the one and only Spider-Man. When he meets Peter Parker, he soon realizes that there are many others who share his special, high-flying talents. Miles must now use his newfound skills to battle the evil Kingpin, a hulking madman who can open portals to other universes and pull different versions of Spider-Man into our world."
20,Moonlight,11/18/2016,98,79,https://resizing.flixster.com/VyiEyoUib0GlCimMb87CzJoTpxI=/206x305/v2/https://resizing.flixster.com/qLkoDr2KW-zojFklfqokgKhLiHI=/ems.ZW1zLXByZC1hc3NldHMvbW92aWVzLzQ1MTIzMDlhLWJiMWUtNGVhOS05MjFhLTkyMjVmNDkzNDA5Yi53ZWJw,"A look at three defining chapters in the life of Chiron, a young black man growing up in Miami. His epic journey to manhood is guided by the kindness, support and love of the community that helps raise him."
21,Sunset Blvd.,8/10/1950,98,95,https://resizing.flixster.com/jASvWdyGN-hdWP61BVQk5njKUno=/206x305/v2/https://flxt.tmsimg.com/assets/p1187_p_v8_ai.jpg,"An aging silent film queen refuses to accept that her stardom has ended. She hires a young screenwriter to help set up her movie comeback. The screenwriter believes he can manipulate her, but he soon finds out he is wrong. The screenwriters ambivalence about their relationship and her unwillingness to let go leads to a situation of violence, madness, and death."
22,All About Eve,10/13/1950,99,94,https://resizing.flixster.com/yggLsAYbeDjkVwc4XYDnXCISjoY=/206x305/v2/https://flxt.tmsimg.com/assets/p4804_p_v8_ae.jpg,"Backstage story revolving around aspiring actress Eve Harrington. Tattered and forlorn, Eve shows up in the dressing room of Broadway mega-star Margo Channing, telling a melancholy life story to Margo and her friends. Margo takes Eve under her wing, and it appears that Eve is a conniver that uses Margo."
23,The Cabinet of Dr. Caligari,3/19/1921,99,89,https://resizing.flixster.com/ssLXRP0Aj_VPh5aY8Himo0-G5bY=/206x305/v2/https://flxt.tmsimg.com/assets/p6890_p_v8_aa.jpg,"At a carnival in Germany, Francis (Friedrich Feher) and his friend Alan (Rudolf Lettinger) encounter the crazed Dr. Caligari (Werner Krauss). The men see Caligari showing off his somnambulist, Cesare (Conrad Veidt), a hypnotized man who the doctor claims can see into the future. Shockingly, Cesare then predicts Alan's death, and by morning his chilling prophecy has come true -- making Cesare the prime suspect. However, is Cesare guilty, or is the doctor controlling him?"
24,The Philadelphia Story,12/1/1940,100,93,https://resizing.flixster.com/exwjnYZq6z7R6ArCbJaWw_UhcNQ=/206x305/v2/https://flxt.tmsimg.com/NowShowing/43366/43366_aa.jpg,"This classic romantic comedy focuses on Tracy Lord (Katharine Hepburn), a Philadelphia socialite who has split from her husband, C.K. Dexter Haven (Cary Grant), due both to his drinking and to her overly demanding nature. As Tracy prepares to wed the wealthy George Kittredge (John Howard), she crosses paths with both Dexter and prying reporter Macaulay Connor (James Stewart). Unclear about her feelings for all three men, Tracy must decide whom she truly loves."
25,Roma,11/21/2018,96,72,https://resizing.flixster.com/kv0MM7-faT2tM84okqQIBKIJKdE=/206x305/v2/https://resizing.flixster.com/yN7J1Rt9nt7NWrTpZ2AZ_wG1KDc=/ems.ZW1zLXByZC1hc3NldHMvbW92aWVzL2RlZGU3NzUwLWI3ZDAtNGQyZS1iZGNmLTdhOWM2ODc1ZjMwNS53ZWJw,"Cleo is one of two domestic workers who help Antonio and Sofà­a take care of their four children in 1970s Mexico City. Complications soon arise when Antonio suddenly runs away with his mistress and Cleo finds out that she's pregnant. When Sofà­a decides to take the kids on vacation, she invites Cleo for a much-needed getaway to clear her mind and bond with the family."
26,Wonder Woman,6/2/2017,93,83,https://resizing.flixster.com/p-HOJaN0VMXetxfBExqTGYnBu0E=/206x305/v2/https://resizing.flixster.com/_rQXSgDOecndPrTGXgqj1wKvyyI=/ems.ZW1zLXByZC1hc3NldHMvbW92aWVzL2Q2MmJhMDFmLTA1ZmYtNDUzYi05YjU4LTllZTZjNTQyY2JlYS53ZWJw,"Before she was Wonder Woman (Gal Gadot), she was Diana, princess of the Amazons, trained to be an unconquerable warrior. Raised on a sheltered island paradise, Diana meets an American pilot (Chris Pine) who tells her about the massive conflict that's raging in the outside world. Convinced that she can stop the threat, Diana leaves her home for the first time. Fighting alongside men in a war to end all wars, she finally discovers her full powers and true destiny."
27,A Star Is Born,10/5/2018,90,79,https://resizing.flixster.com/fDr_QbDwHqhMJb7r4tO5QwcFH5A=/206x305/v2/https://flxt.tmsimg.com/assets/p14603082_p_v8_ac.jpg,"Seasoned musician Jackson Maine discovers -- and falls in love with -- struggling artist Ally. She has just about given up on her dream to make it big as a singer until Jackson coaxes her into the spotlight. But even as Ally's career takes off, the personal side of their relationship is breaking down, as Jackson fights an ongoing battle with his own internal demons."
28,Inside Out,6/19/2015,98,89,https://resizing.flixster.com/MoZyKqH_izqNZOOXvmQYECDW0KA=/206x305/v2/https://flxt.tmsimg.com/assets/p10840532_p_v12_au.jpg,"Riley (Kaitlyn Dias) is a happy, hockey-loving 11-year-old Midwestern girl, but her world turns upside-down when she and her parents move to San Francisco. Riley's emotions -- led by Joy (Amy Poehler) -- try to guide her through this difficult, life-changing event. However, the stress of the move brings Sadness (Phyllis Smith) to the forefront. When Joy and Sadness are inadvertently swept into the far reaches of Riley's mind, the only emotions left in Headquarters are Anger, Fear and Disgust."
29,A Quiet Place,4/6/2018,96,83,https://resizing.flixster.com/nRgpuCbBOmvyrCPmYI2ah6z_Jx4=/206x305/v2/https://flxt.tmsimg.com/assets/p14660087_p_v8_ad.jpg,"If they hear you, they hunt you. A family must live in silence to avoid mysterious creatures that hunt by sound. Knowing that even the slightest whisper or footstep can bring death, Evelyn and Lee are determined to find a way to protect their children while desperately searching for a way to fight back."
30,One Night in Miami,12/25/2020,98,78,https://resizing.flixster.com/Wwr-rBM4s1fFjxpHOmKCanWUy80=/206x305/v2/https://resizing.flixster.com/BQX_-EkYyODXs-5NfVnWKksbDdw=/ems.ZW1zLXByZC1hc3NldHMvbW92aWVzL2M1NmY4NGFjLWViZGEtNDUwMi1hMjhmLTQ4OWIzZjdhMGM0MS5qcGc=,"On one incredible night in 1964, four icons of sports, music, and activism gathered to celebrate one of the biggest upsets in boxing history. When underdog Cassius Clay, soon to be called Muhammad Ali, (Eli Goree), defeats heavy weight champion Sonny Liston at the Miami Convention Hall, Clay memorialized the event with three of his friends: Malcolm X (Kingsley Ben-Adir), Sam Cooke (Leslie Odom Jr.) and Jim Brown (Aldis Hodge)."
31,Eighth Grade,8/3/2018,99,82,https://resizing.flixster.com/4x1wLRAYoOOPhrSTaEm2l6VgwlY=/206x305/v2/https://flxt.tmsimg.com/assets/p15283866_p_v8_aa.jpg,Thirteen-year-old Kayla endures the tidal wave of contemporary suburban adolescence as she makes her way through the last week of middle school -- the end of her thus far disastrous eighth-grade year.
32,Rebecca,4/12/1940,99,92,https://resizing.flixster.com/GDMXWexp5v06gLyD1hlXnbXrInE=/206x305/v2/https://flxt.tmsimg.com/assets/p3680_p_v8_aa.jpg,"Story of a young woman who marries a fascinating widower only to find out that she must live in the shadow of his former wife, Rebecca, who died mysteriously several years earlier. The young wife must come to grips with the terrible secret of her handsome, cold husband, Max De Winter (Laurence Olivier). She must also deal with the jealous, obsessed Mrs. Danvers (Judith Anderson), the housekeeper, who will not accept her as the mistress of the house."
33,Booksmart,5/24/2019,96,77,https://resizing.flixster.com/JNfR4vupP1tlRHFriXnzfZsqPSg=/206x305/v2/https://flxt.tmsimg.com/assets/p16367922_p_v8_aa.jpg,"Academic overachievers Amy and Molly thought keeping their noses to the grindstone gave them a leg up on their high school peers. But on the eve of graduation, the best friends suddenly realize that they may have missed out on the special moments of their teenage years. Determined to make up for lost time, the girls decide to cram four years of not-to-be missed fun into one night -- a chaotic adventure that no amount of book smarts could prepare them for."
34,Logan,3/3/2017,94,90,https://resizing.flixster.com/Mddhe_J-7v_024iddFptgiMfsyw=/206x305/v2/https://resizing.flixster.com/E2ipt3mRxpjMOunk0a92QVeEhpc=/ems.ZW1zLXByZC1hc3NldHMvbW92aWVzLzU0MTMxZTVlLWRmZGYtNDk5Ni1hYjc0LWJkZGM4MGMxMDkyNC53ZWJw,"In the near future, a weary Logan (Hugh Jackman) cares for an ailing Professor X (Patrick Stewart) at a remote outpost on the Mexican border. His plan to hide from the outside world gets upended when he meets a young mutant (Dafne Keen) who is very much like him. Logan must now protect the girl and battle the dark forces that want to capture her."
35,His Girl Friday,1/11/1940,99,90,https://resizing.flixster.com/p4WjUQMXGRl73g8Wp-25zX-MEVY=/206x305/v2/https://flxt.tmsimg.com/assets/p801_p_v8_aa.jpg,"When hard-charging New York newspaper editor Walter Burns discovers that his ex-wife, investigative reporter Hildy Johnson, has gotten engaged to milquetoast insurance agent Bruce Baldwin, he unsuccessfully tries to lure her away from tame domestic life with a story about the impending execution of convicted murderer Earl Williams. But when Hildy discovers Williams may be innocent, her reporter instincts take over."
36,Portrait of a Lady on Fire,12/6/2019,98,92,https://resizing.flixster.com/gsZc1pYz80ISTT7UWQo2tDXkYyg=/206x305/v2/https://flxt.tmsimg.com/assets/p16966257_p_v8_ac.jpg,In 1770 the young daughter of a French countess develops a mutual attraction to the female artist commissioned to paint her wedding portrait.
37,Coco,11/22/2017,97,94,https://resizing.flixster.com/QVrYJFcTYANJ7yTwofQNHmudkuk=/206x305/v2/https://flxt.tmsimg.com/NowShowing/172117/172117_ac.jpg,"Despite his family's generations-old ban on music, young Miguel dreams of becoming an accomplished musician like his idol Ernesto de la Cruz. Desperate to prove his talent, Miguel finds himself in the stunning and colorful Land of the Dead. After meeting a charming trickster named Héctor, the two new friends embark on an extraordinary journey to unlock the real story behind Miguel's family history."
38,Dunkirk,7/21/2017,92,81,https://resizing.flixster.com/sOriY3BlvilqccExX5L_fx8IT6I=/206x305/v2/https://flxt.tmsimg.com/assets/p13153578_p_v8_af.jpg,"In May 1940, Germany advanced into France, trapping Allied troops on the beaches of Dunkirk. Under air and ground cover from British and French forces, troops were slowly and methodically evacuated from the beach using every serviceable naval and civilian vessel that could be found. At the end of this heroic mission, 330,000 French, British, Belgian and Dutch soldiers were safely evacuated."
39,Star Wars: The Last Jedi,12/15/2017,91,42,https://resizing.flixster.com/PuCzbxo0Y9O-F19JEj1_KF6buwQ=/206x305/v2/https://flxt.tmsimg.com/NowShowing/149052/149052_ac.jpg,"Luke Skywalker's peaceful and solitary existence gets upended when he encounters Rey, a young woman who shows strong signs of the Force. Her desire to learn the ways of the Jedi forces Luke to make a decision that changes their lives forever. Meanwhile, Kylo Ren and General Hux lead the First Order in an all-out assault against Leia and the Resistance for supremacy of the galaxy."
40,A Night at the Opera,11/15/1935,97,91,https://resizing.flixster.com/15I_BK8JEmfmzMnFd5f2Q-srwGM=/206x305/v2/https://flxt.tmsimg.com/assets/p646_p_v8_aa.jpg,"The Marx Brothers run amuck in the world of opera when Otis B. Driftwood (Groucho Marx) meets aspiring singer Ricardo (Allan Jones), who is determined to win the love of fellow performer Rosa (Kitty Carlisle). Aided by Fiorello (Chico Marx) and Tomasso (Harpo Marx), Otis attempts to unite the young couple, but faces opposition from the preening star Lassparri (Walter Woolf King), who also has his sights on Rosa. Traveling from Italy to New York, Otis and friends rally to try and win the day."
41,The Shape of Water,12/22/2017,92,72,https://resizing.flixster.com/wi190aXTE53F0qm5ZixZDjRLMDU=/206x305/v2/https://resizing.flixster.com/2tC2bjnIuOh-qCRlwTpILHRtqKA=/ems.ZW1zLXByZC1hc3NldHMvbW92aWVzLzNkMjY1MjQzLTdlMTItNDkxZi1hYTk5LTg5N2I1YWJiNzE3Zi53ZWJw,"Elisa is a mute, isolated woman who works as a cleaning lady in a hidden, high-security government laboratory in 1962 Baltimore. Her life changes forever when she discovers the lab's classified secret -- a mysterious, scaled creature from South America that lives in a water tank. As Elisa develops a unique bond with her new friend, she soon learns that its fate and very survival lies in the hands of a hostile government agent and a marine biologist."
42,Thor: Ragnarok,11/3/2017,93,87,https://resizing.flixster.com/JuiNcQBYggEOrN5PbIVv0fq7SJA=/206x305/v2/https://flxt.tmsimg.com/assets/p12402331_p_v8_ax.jpg,"Imprisoned on the other side of the universe, the mighty Thor finds himself in a deadly gladiatorial contest that pits him against the Hulk, his former ally and fellow Avenger. Thor's quest for survival leads him in a race against time to prevent the all-powerful Hela from destroying his home world and the Asgardian civilization."
43,Spotlight,11/20/2015,97,93,https://resizing.flixster.com/LIhzY3fIknjnK9MiRtZzRYuNWVM=/206x305/v2/https://flxt.tmsimg.com/assets/p11897076_p_v8_aa.jpg,"In 2001, editor Marty Baron of The Boston Globe assigns a team of journalists to investigate allegations against John Geoghan, an unfrocked priest accused of molesting more than 80 boys. Led by editor Walter ""Robby"" Robinson (Michael Keaton), reporters Michael Rezendes (Mark Ruffalo), Matt Carroll and Sacha Pfeiffer interview victims and try to unseal sensitive documents. The reporters make it their mission to provide proof of a cover-up of sexual abuse within the Roman Catholic Church."
44,The Farewell,8/2/2019,97,87,https://resizing.flixster.com/64jJmSUVTHbz39YkBoetucD2Luk=/206x305/v2/https://flxt.tmsimg.com/NowShowing/197251/197251_aa.jpg,Billi's family returns to China under the guise of a fake wedding to stealthily say goodbye to their beloved matriarch -- the only person that doesn't know she only has a few weeks to live.
45,Selma,1/9/2015,99,86,https://resizing.flixster.com/RrktbYRFUntspM19y8HCKhhVE7A=/206x305/v2/https://resizing.flixster.com/Qb9ZNyO451qLaiFlZLuT6yxJSSs=/ems.ZW1zLXByZC1hc3NldHMvbW92aWVzL2I4YWYyNTM4LTlkZTAtNDA0NS05OTRhLWFmYWNlZGQ1Y2RiYS53ZWJw,"Although the Civil Rights Act of 1964 legally desegregated the South, discrimination was still rampant in certain areas, making it very difficult for Blacks to register to vote. In 1965, an Alabama city became the battleground in the fight for suffrage. Despite violent opposition, Dr. Martin Luther King Jr. (David Oyelowo) and his followers pressed forward on an epic march from Selma to Montgomery, and their efforts culminated with President Lyndon Johnson signing the Voting Rights Act of 1965."
46,The Third Man,2/1/1949,99,93,https://resizing.flixster.com/A9kgLYmMpePvKLmYkw1-QxYGAEY=/206x305/v2/https://flxt.tmsimg.com/assets/p2110_p_v8_ae.jpg,"Set in postwar Vienna, Austria, ""The Third Man"" stars Joseph Cotten as Holly Martins, a writer of pulp Westerns, who arrives penniless as a guest of his childhood chum Harry Lime (Orson Welles), only to find him dead. Martins develops a conspiracy theory after learning of a ""third man"" present at the time of Harry's death, running into interference from British officer Maj. Calloway (Trevor Howard) and falling head-over-heels for Harry's grief-stricken lover, Anna (Alida Valli)."
47,Rear Window,9/1/1954,98,95,https://resizing.flixster.com/LGiQG3FU5e-FBoypNdlpNKi3gbk=/206x305/v2/https://flxt.tmsimg.com/NowShowing/4082/4082_aa.jpg,"A newspaper photographer with a broken leg passes time recuperating by observing his neighbors through his window. He sees what he believes to be a murder, and decides to solve the crime himself. With the help of his nurse and wife, he tries to catch the murderer without being killed himself."
48,E.T. the Extra-Terrestrial,6/11/1982,99,72,https://resizing.flixster.com/HCdoV_NHZ8NRZwH1zw5MDanPOtM=/206x305/v2/https://flxt.tmsimg.com/assets/p10998_p_v8_ao.jpg,"After a gentle alien becomes stranded on Earth, the being is discovered and befriended by a young boy named Elliott (Henry Thomas). Bringing the extraterrestrial into his suburban California house, Elliott introduces E.T., as the alien is dubbed, to his brother and his little sister, Gertie (Drew Barrymore), and the children decide to keep its existence a secret. Soon, however, E.T. falls ill, resulting in government intervention and a dire situation for both Elliott and the alien."
49,Seven Samurai,11/19/1956,100,97,https://resizing.flixster.com/0ZfT0bu2XjP9TW12zlRNCaYZc38=/206x305/v2/https://flxt.tmsimg.com/assets/p5588_p_v8_au.jpg,"A samurai answers a village's request for protection after he falls on hard times. The town needs protection from bandits, so the samurai gathers six others to help him teach the people how to defend themselves, and the villagers provide the soldiers with food. A giant battle occurs when 40 bandits attack the village."
50,Grand Illusion,9/12/1937,97,92,https://resizing.flixster.com/ceRVwtI38w8OhCbxHLsGVqqTWGk=/206x305/v2/https://flxt.tmsimg.com/assets/p1115_p_v8_aa.jpg,"A group of French soldiers, including the patrician Captain de Boeldieu (Pierre Fresnay) and the working-class Lieutenant Maréchal (Jean Gabin), grapple with their own class differences after being captured and held in a World War I German prison camp. When the men are transferred to a high-security fortress, they must concoct a plan to escape beneath the watchful eye of aristocratic German officer von Rauffenstein (Erich von Stroheim), who has formed an unexpected bond with de Boeldieu."
51,Arrival,11/11/2016,94,82,https://resizing.flixster.com/ksbqXyCMEuWC4pNlpCQTS965m0g=/206x305/v2/https://flxt.tmsimg.com/NowShowing/163831/163831_ab.jpg,"Linguistics professor Louise Banks (Amy Adams) leads an elite team of investigators when gigantic spaceships touch down in 12 locations around the world. As nations teeter on the verge of global war, Banks and her crew must race against time to find a way to communicate with the extraterrestrial visitors. Hoping to unravel the mystery, she takes a chance that could threaten her life and quite possibly all of mankind."
52,Singin' in the Rain,4/10/1952,100,95,https://resizing.flixster.com/bdPi07gxr7ybpV0Mxqko5Gic24g=/206x305/v2/https://flxt.tmsimg.com/assets/p4166_p_v8_ak.jpg,"A spoof of the turmoil that afflicted the movie industry in the late 1920s when movies went from silent to sound. When two silent movie stars', Don Lockwood and Lina Lamont, latest movie is made into a musical a chorus girl is brought in to dub Lina's speaking and singing. Don is on top of the world until Lina finds out."
53,The Favourite,12/14/2018,93,69,https://resizing.flixster.com/5g6Gr5A7uXrgjlSON-GYUNdlmKA=/206x305/v2/https://resizing.flixster.com/0WtqVLOeXz6liV5X0SIKTfsKEzY=/ems.ZW1zLXByZC1hc3NldHMvbW92aWVzLzBmODAyY2E1LWQyOGYtNDBiYy04NWZhLThiODY3OTVhOWM3NS53ZWJw,"In the early 18th century, England is at war with the French. Nevertheless, duck racing and pineapple eating are thriving. A frail Queen Anne occupies the throne, and her close friend Lady Sarah governs the country in her stead while tending to Anne's ill health and mercurial temper. When a new servant, Abigail, arrives, her charm endears her to Sarah. Sarah takes Abigail under her wing, and Abigail sees a chance to return to her aristocratic roots."
54,Double Indemnity,9/6/1944,97,95,https://resizing.flixster.com/XlR-Nt1nnDybMM3GcoAcuZC5n6k=/206x305/v2/https://flxt.tmsimg.com/assets/p2033_p_v8_ah.jpg,"In this classic film noir, insurance salesman Walter Neff (Fred MacMurray) gets roped into a murderous scheme when he falls for the sensual Phyllis Dietrichson (Barbara Stanwyck), who is intent on killing her husband (Tom Powers) and living off the fraudulent accidental death claim. Prompted by the late Mr. Dietrichson's daughter, Lola (Jean Heather), insurance investigator Barton Keyes (Edward G. Robinson) looks into the case, and gradually begins to uncover the sinister truth."
55,All Quiet on the Western Front,8/24/1930,98,89,https://resizing.flixster.com/qQ7j4cZGh0hjBpFk_nC_ut6ZNAU=/206x305/v2/https://flxt.tmsimg.com/assets/p593_p_v8_al.jpg,"The film follows a group of German schoolboys, talked into enlisting at the beginning of World War I by their jingoistic teacher. The story is told entirely through the experiences of the young German recruits and highlights the tragedy of war through the eyes of individuals."
56,Snow White and the Seven Dwarfs,11/16/2004,98,78,https://resizing.flixster.com/Lls2O1EW0GJw9ZeN_9Ghr6xyTxM=/206x305/v2/https://flxt.tmsimg.com/assets/p15972_p_v8_ae.jpg,"The Grimm fairy tale gets a Technicolor treatment in Disney's first animated feature. Jealous of Snow White's beauty, the wicked queen orders the murder of her innocent stepdaughter, but later discovers that Snow White is still alive and hiding in a cottage with seven friendly little miners. Disguising herself as a hag, the queen brings a poisoned apple to Snow White, who falls into a death-like sleep that can be broken only by a kiss from the prince."
57,Marriage Story,11/6/2019,94,85,https://resizing.flixster.com/_VszUrC3yqJ2eJbMjNtBXFaZt7c=/206x305/v2/https://resizing.flixster.com/sWERT5gVSzP8kcUv5koMH7M8NKw=/ems.ZW1zLXByZC1hc3NldHMvbW92aWVzL2E4ZWJiZDMzLWVkNmYtNDYyOC04NzA4LWYyMjNlMzNmNTJhZS53ZWJw,A stage director and his actor wife struggle through a grueling divorce that pushes them to their limits.
58,The Big Sick,7/14/2017,98,88,https://resizing.flixster.com/Lyy0Z2pb3k1bW75HzLhIuq-akF8=/206x305/v2/https://flxt.tmsimg.com/NowShowing/171221/171221_aa.jpg,"Kumail is a Pakistani comic, who meets an American graduate student named Emily at one of his stand-up shows. As their relationship blossoms, he soon becomes worried about what his traditional Muslim parents will think of her. When Emily suddenly comes down with an illness that leaves her in a coma, Kumail finds himself developing a bond with her deeply concerned mother and father."
59,On the Waterfront,7/28/1954,99,95,https://resizing.flixster.com/JolzJv1oKxv86WXCR_Yz_iHRZIg=/206x305/v2/https://flxt.tmsimg.com/assets/p467_p_v8_aa.jpg,"Dockworker Terry Malloy (Marlon Brando) had been an up-and-coming boxer until powerful local mob boss Johnny Friendly (Lee J. Cobb) persuaded him to throw a fight. When a longshoreman is murdered before he can testify about Friendly's control of the Hoboken waterfront, Terry teams up with the dead man's sister Edie (Eva Marie Saint) and the streetwise priest Father Barry (Karl Malden) to testify himself, against the advice of Friendly's lawyer, Terry's older brother Charley (Rod Steiger)."
60,Star Wars: The Force Awakens,12/18/2015,93,85,https://resizing.flixster.com/57FLVzmhnkH7sVXFuTvCyexO2wo=/206x305/v2/https://flxt.tmsimg.com/assets/p10989070_p_v8_bb.jpg,"Thirty years after the defeat of the Galactic Empire, the galaxy faces a new threat from the evil Kylo Ren (Adam Driver) and the First Order. When a defector named Finn crash-lands on a desert planet, he meets Rey (Daisy Ridley), a tough scavenger whose droid contains a top-secret map. Together, the young duo joins forces with Han Solo (Harrison Ford) to make sure the Resistance receives the intelligence concerning the whereabouts of Luke Skywalker (Mark Hamill), the last of the Jedi Knights."
61,An American in Paris,11/9/1951,96,79,https://resizing.flixster.com/N71U8JyC9jeOGOkcgpUdT_0dSVY=/206x305/v2/https://flxt.tmsimg.com/assets/p4502_p_v8_aj.jpg,"Jerry Mulligan (Gene Kelly) is an American ex-GI who stays in post-war Paris to become a painter, and falls for the gamine charms of Lise Bouvier (Leslie Caron). However, his paintings come to the attention of Milo Roberts, a rich American heiress, who is interested in more than just art."
62,The Best Years of Our Lives,11/21/1946,98,93,https://resizing.flixster.com/aslMmM1a_Rf-fbb8kzQ6ROvfEOI=/206x305/v2/https://flxt.tmsimg.com/assets/p1312_p_v8_aa.jpg,"Fred, Al and Homer are three World War II veterans facing difficulties as they re-enter civilian life. Fred (Dana Andrews) is a war hero who, unable to compete with more highly skilled workers, has to return to his low-wage soda jerk job. Bank executive Al (Fredric March) gets into trouble for offering favorable loans to veterans. After losing both hands in the war, Homer (Harold Russell) returns to his loving fiancée, but must struggle to adjust."
63,Metropolis,3/13/1927,97,92,https://resizing.flixster.com/SdxxkzAEKm8ubqQw7sXcgjfs9Pg=/206x305/v2/https://flxt.tmsimg.com/assets/p5638_p_v8_aa.jpg,"This influential German science-fiction film presents a highly stylized futuristic city where a beautiful and cultured utopia exists above a bleak underworld populated by mistreated workers. When the privileged youth Freder (Gustav Frà¶hlich) discovers the grim scene under the city, he becomes intent on helping the workers. He befriends the rebellious teacher Maria (Brigitte Helm), but this puts him at odds with his authoritative father, leading to greater conflict."
64,Boyhood,7/18/2014,97,80,https://resizing.flixster.com/EUNN7C-N_6P-JfbhngUoXZVGYo0=/206x305/v2/https://flxt.tmsimg.com/assets/p10673530_p_v8_ad.jpg,"The joys and pitfalls of growing up are seen through the eyes of a child named Mason (Ellar Coltrane), his parents (Patricia Arquette, Ethan Hawke) and his sister (Lorelei Linklater). Vignettes, filmed with the same cast over the course of 12 years, capture family meals, road trips, birthday parties, graduations and other important milestones. Songs from Coldplay, Arcade Fire and other artists capture the time period. Directed by Richard Linklater."
65,Gravity,10/4/2013,96,79,https://resizing.flixster.com/64vLOuv-4frNWpxgj9IrcjRv1rY=/206x305/v2/https://flxt.tmsimg.com/assets/p9248657_p_v8_ak.jpg,"Dr. Ryan Stone (Sandra Bullock) is a medical engineer on her first shuttle mission. Her commander is veteran astronaut Matt Kowalsky (George Clooney), helming his last flight before retirement. Then, during a routine space walk by the pair, disaster strikes: The shuttle is destroyed, leaving Ryan and Matt stranded in deep space with no link to Earth and no hope of rescue. As fear turns to panic, they realize that the only way home may be to venture further into space."
66,Leave No Trace,6/29/2018,100,80,https://resizing.flixster.com/ME9jfYCzxJWpPjc5KCbYg9PK7A4=/206x305/v2/https://resizing.flixster.com/qv46Ca9bLAOBaklK9EstETkaiAc=/ems.ZW1zLXByZC1hc3NldHMvbW92aWVzLzIyMWNhY2M3LWZjMTItNDdmOS1iYjZjLTM2NmVlNzA4NDc5NC53ZWJw,"A father and daughter live a perfect but mysterious existence in Forest Park, a beautiful nature reserve near Portland, Ore., rarely making contact with the world. But when a small mistake tips them off to authorities, they are sent on an increasingly erratic journey in search of a place to call their own."
67,The Maltese Falcon,10/18/1941,100,91,https://resizing.flixster.com/qfOnBzOq1m7OIkQEVSG9oSS8ICo=/206x305/v2/https://flxt.tmsimg.com/assets/p2163_p_v8_aa.jpg,"In this noir classic, detective Sam Spade (Humphrey Bogart) gets more than he bargained for when he takes a case brought to him by a beautiful but secretive woman (Mary Astor). As soon as Miss Wonderly shows up, trouble follows as Sam's partner is murdered and Sam is accosted by a man (Peter Lorre) demanding he locate a valuable statuette. Sam, entangled in a dangerous web of crime and intrigue, soon realizes he must find the one thing they all seem to want: the bejeweled Maltese falcon."
68,The Invisible Man,2/28/2020,92,88,https://resizing.flixster.com/tEb8Dq9hIf36h21vxW7ijyIJ88M=/206x305/v2/https://flxt.tmsimg.com/assets/p17290385_p_v8_ah.jpg,"After staging his own suicide, a crazed scientist uses his power to become invisible to stalk and terrorize his ex-girlfriend. When the police refuse to believe her story, she decides to take matters into her own hands and fight back."
69,12 Years a Slave,10/18/2013,95,90,https://resizing.flixster.com/E_lx0YF-P-KPs1I3Fzgwgdcdbcc=/206x305/v2/https://flxt.tmsimg.com/assets/p10029562_p_v8_ac.jpg,"In the years before the Civil War, Solomon Northup (Chiwetel Ejiofor), a free black man from upstate New York, is kidnapped and sold into slavery in the South. Subjected to the cruelty of one malevolent owner (Michael Fassbender), he also finds unexpected kindness from another, as he struggles continually to survive and maintain some of his dignity. Then in the 12th year of the disheartening ordeal, a chance meeting with an abolitionist from Canada changes Solomon's life forever."
70,Once Upon a Time... In Hollywood,7/26/2019,85,70,https://resizing.flixster.com/aaz-RUTt3X7IAVu2uI0F9VFzCgE=/206x305/v2/https://resizing.flixster.com/yXi5lQ1W9__xz_IZOvflz1MD7Wg=/ems.ZW1zLXByZC1hc3NldHMvbW92aWVzLzFmOWVhNjA2LTAzZDMtNDQ2Yy1iN2FkLTc4YTgwODIxZDdjOS53ZWJw,"Actor Rick Dalton gained fame and fortune by starring in a 1950s television Western, but is now struggling to find meaningful work in a Hollywood that he doesn't recognize anymore. He spends most of his time drinking and palling around with Cliff Booth, his easygoing best friend and longtime stunt double. Rick also happens to live next door to Roman Polanski and Sharon Tate -- the filmmaker and budding actress whose futures will forever be altered by members of the Manson Family."
71,Argo,10/12/2012,96,90,https://resizing.flixster.com/ykPG32cI8SOMPE-8JpFoUrA99-s=/206x305/v2/https://flxt.tmsimg.com/assets/p9128357_p_v8_an.jpg,"On Nov. 4, 1979, militants storm the U.S. embassy in Tehran, Iran, taking 66 American hostages. Amid the chaos, six Americans manage to slip away and find refuge with the Canadian ambassador. Knowing that it's just a matter of time before the refugees are found and likely executed, the U.S. government calls on extractor Tony Mendez (Ben Affleck) to rescue them. Mendez's plan is to pose as a Hollywood producer scouting locations in Iran and train the refugees to act as his ""film"" crew."
72,Soul,12/25/2020,95,88,https://resizing.flixster.com/KPJ9M0gryFbvakft7M5ecvFV5yE=/206x305/v2/https://resizing.flixster.com/skDbQNFUeYjoY0B6uvtSicszwYM=/ems.ZW1zLXByZC1hc3NldHMvbW92aWVzL2E3NTJkZGFlLTA4MTQtNDQ1Ny1hYWRhLTMxMjJlNzI2ZGQxZC5qcGc=,"Joe is a middle-school band teacher whose life hasn't quite gone the way he expected. His true passion is jazz -- and he's good. But when he travels to another realm to help someone find their passion, he soon discovers what it means to have soul."
73,Ma Rainey's Black Bottom,11/25/2020,97,72,https://resizing.flixster.com/7wSBBOFgQTQKgdDU3NLd6FORv48=/206x305/v2/https://resizing.flixster.com/FDQKWCR1Noyw8CUCz7MAtLyXcx4=/ems.ZW1zLXByZC1hc3NldHMvbW92aWVzLzg2MTk4MGE1LWE1NGYtNDliYi05MWVlLTk2ZTRlMmQyMzE0My5qcGc=,"Tensions and temperatures rise over the course of an afternoon recording session in 1920s Chicago as a band of musicians await trailblazing performer, the legendary â€œMother of the Blues,â€ Ma Rainey (Academy AwardÂ® winner Viola Davis). Late to the session, the fearless, fiery Ma engages in a battle of wills with her white manager and producer over control of her music. As the band waits in the studioâ€™s claustrophobic rehearsal room, ambitious cornet player Levee (Chadwick Boseman) â€” who has an eye for Maâ€™s girlfriend and is determined to stake his own claim on the music industry â€” spurs his fellow musicians into an eruption of stories revealing truths that will forever change the course of their lives."
74,The Kid,1/21/1921,100,95,https://resizing.flixster.com/SnpWNhSDC79vz7RNiMKR5EXtR4s=/206x305/v2/https://resizing.flixster.com/YtLB5qSbTzBPmRtkxJ-bBXibIFU=/ems.ZW1zLXByZC1hc3NldHMvbW92aWVzLzUwNzliMTJlLTdkMDgtNDNkOC1hZjhjLTJlNmUzMjlkYTJmZC53ZWJw,"Chaplin's first full-length feature is a silent masterpiece about a little tramp who discovers a little orphan and brings him up but is left desolate when the orphanage reclaims him. Chaplin directed, produced and starred in the film, as well as composed the score."
75,Manchester by the Sea,12/16/2016,96,78,https://resizing.flixster.com/PgddY7dcixwtgWGk3TF62lfeoxE=/206x305/v2/https://resizing.flixster.com/EMPDOc--p2yAfZ2V5z5DdVGYpl8=/ems.ZW1zLXByZC1hc3NldHMvbW92aWVzLzVhNDgyZGIwLTRlZTYtNGE4OC1iZTA1LTY0NWQ3ZThjYzc4MS53ZWJw,"After the death of his older brother Joe, Lee Chandler (Casey Affleck) is shocked that Joe has made him sole guardian of his teenage nephew Patrick. Taking leave of his job as a janitor in Boston, Lee reluctantly returns to Manchester-by-the-Sea, the fishing village where his working-class family has lived for generations. There, he is forced to deal with a past that separated him from his wife, Randi (Michelle Williams), and the community where he was born and raised."
76,Nosferatu,3/5/1922,97,87,https://resizing.flixster.com/sJvtSY5lw22dPcgd3WfVapGzWa8=/206x305/v2/https://flxt.tmsimg.com/assets/p2866_p_v8_ab.jpg,"In this highly influential silent horror film, the mysterious Count Orlok (Max Schreck) summons Thomas Hutter (Gustav von Wangenheim) to his remote Transylvanian castle in the mountains. The eerie Orlok seeks to buy a house near Hutter and his wife, Ellen (Greta Schroeder). After Orlok reveals his vampire nature, Hutter struggles to escape the castle, knowing that Ellen is in grave danger. Meanwhile Orlok's servant, Knock (Alexander Granach), prepares for his master to arrive at his new home."
77,The Adventures of Robin Hood,2/11/1938,100,89,https://resizing.flixster.com/Pw64N-oe1IIMvZDrP-157qxhVs8=/206x305/v2/https://flxt.tmsimg.com/assets/p940_p_v8_af.jpg,"When King Richard the Lionheart is captured, his scheming brother Prince John (Claude Rains) plots to reach the throne, to the outrage of Sir Robin of Locksley (Errol Flynn), the bandit king of Sherwood Forest. Rounding up his band of men and eventually winning the support of the lovely Maid Marian (Olivia de Havilland), Robin accuses Prince John of treachery and, when the escaped Richard returns covertly to England, joins forces with the king to prevent Prince John from taking the crown."
78,La La Land,12/25/2016,91,81,https://resizing.flixster.com/rsDXU_nX23QkxPhtqvZ597QbWYI=/206x305/v2/https://resizing.flixster.com/Ryp9ggxDVbQLcTxxoK_NoQeEk04=/ems.ZW1zLXByZC1hc3NldHMvbW92aWVzL2U1ZDIyYTgzLWQxYjctNGY2MC1iNDRiLTYwZTBmOGEwOWM5Mi53ZWJw,"Sebastian (Ryan Gosling) and Mia (Emma Stone) are drawn together by their common desire to do what they love. But as success mounts they are faced with decisions that begin to fray the fragile fabric of their love affair, and the dreams they worked so hard to maintain in each other threaten to rip them apart."
79,North by Northwest,7/17/1959,97,94,https://resizing.flixster.com/eyWqm2qFyiH6BgQN9oeqjoaaxNU=/206x305/v2/https://flxt.tmsimg.com/NowShowing/43198/43198_aa.jpg,"This classic suspense film finds New York City ad executive Roger O. Thornhill (Cary Grant) pursued by ruthless spy Phillip Vandamm (James Mason) after Thornhill is mistaken for a government agent. Hunted relentlessly by Vandamm's associates, the harried Thornhill ends up on a cross-country journey, meeting the beautiful and mysterious Eve Kendall (Eva Marie Saint) along the way. Soon Vandamm's henchmen close in on Thornhill, resulting in a number of iconic action sequences."
80,Laura,10/11/1944,100,91,https://resizing.flixster.com/1OwNuIOVkWrsw-VzuhSb6bnFGB0=/206x305/v2/https://flxt.tmsimg.com/assets/p212_p_v8_aa.jpg,"In one of the most celebrated 1940s film noirs, Manhattan detective Mark McPherson (Dana Andrews) investigates the murder of Madison Avenue executive Laura Hunt (Gene Tierney) in her fashionable apartment. On the trail of her murderer, McPherson quizzes Laura's arrogant best friend, gossip columnist Waldo Lydecker (Clifton Webb) and her comparatively mild fiancé, Shelby Carpenter (Vincent Price). As the detective grows obsessed with the case, he finds himself falling in love with the dead woman."
81,Spider-Man: Far From Home,7/2/2019,90,95,https://resizing.flixster.com/PnX5EKpnvlow9KxvqdMShZ3uMs0=/206x305/v2/https://flxt.tmsimg.com/NowShowing/177947/177947_ac.jpg,"Peter Parker's relaxing European vacation takes an unexpected turn when Nick Fury shows up in his hotel room to recruit him for a mission. The world is in danger as four massive elemental creatures -- each representing Earth, air, water and fire -- emerge from a hole torn in the universe. Parker soon finds himself donning the Spider-Man suit to help Fury and fellow superhero Mysterio stop the evil entities from wreaking havoc across the continent."
82,Incredibles 2,6/15/2018,93,84,https://resizing.flixster.com/HEEPbrTuyY9-FqcDUGdzenN-4sA=/206x305/v2/https://resizing.flixster.com/IY_NzUgPaciSgAb5t0VIbrxUys0=/ems.ZW1zLXByZC1hc3NldHMvbW92aWVzL2JlNzAyYzliLTAzZWItNGMxMC1hMmNiLWM1YTk2MDZkYzFiMy53ZWJw,"Telecommunications guru Winston Deavor enlists Elastigirl to fight crime and make the public fall in love with superheroes once again. That leaves Mr. Incredible with one of his greatest challenges ever -- staying home and taking care of three rambunctious children. As Violet, Dash and Jack-Jack offer him a new set of headaches, a cybercriminal named Screenslaver launches his dastardly plan -- hypnotizing the world through computer screens."
83,Zootopia,3/4/2016,98,92,https://resizing.flixster.com/9VnR4p2oYzIgXn3Nx0YvesQfgjk=/206x305/v2/https://flxt.tmsimg.com/assets/p11993845_p_v8_am.jpg,"From the largest elephant to the smallest shrew, the city of Zootopia is a mammal metropolis where various animals live and thrive. When Judy Hopps (Ginnifer Goodwin) becomes the first rabbit to join the police force, she quickly learns how tough it is to enforce the law. Determined to prove herself, Judy jumps at the opportunity to solve a mysterious case. Unfortunately, that means working with Nick Wilde (Jason Bateman), a wily fox who makes her job even harder."
84,Alien,5/25/1979,98,94,https://resizing.flixster.com/Kz1Jl8aEV-OGmvLWEuRkWop7JPc=/206x305/v2/https://flxt.tmsimg.com/assets/p2571_p_v8_al.jpg,"In deep space, the crew of the commercial starship Nostromo is awakened from their cryo-sleep capsules halfway through their journey home to investigate a distress call from an alien vessel. The terror begins when the crew encounters a nest of eggs inside the alien ship. An organism from inside an egg leaps out and attaches itself to one of the crew, causing him to fall into a coma."
85,King Kong,3/2/1933,99,86,https://resizing.flixster.com/VekSiTzvg-SYJAwl2sM2bJVmvjc=/206x305/v2/https://flxt.tmsimg.com/assets/p2242_p_v8_am.jpg,"Actress Ann Darrow (Fay Wray) and director Carl Denham (Robert Armstrong) travel to the Indian Ocean to do location shoots for Denham's new jungle picture. Along the way, the actress meets and falls for rugged First Mate John Driscoll (Bruce Cabot). Upon arriving at a mysterious island, Ann is taken hostage by natives who prepare her as a sacrifice to the enormous ape Kong who rules over their jungle. But when Ann is rescued and Kong is captured, the real trouble begins."
86,Shadow of a Doubt,1/1/1943,100,89,https://resizing.flixster.com/CmT4KRTe3DuWArn9S2kDWBj7I04=/206x305/v2/https://flxt.tmsimg.com/assets/p281_p_v8_af.jpg,"Uncle Charlie (Joseph Cotten) visits his relatives in Santa Rosa. He is a very charming man, but his niece slowly realizes that he is wanted for murder and he soon recognizes her suspicions. Although one of the suspected murderers is killed and the case is considered closed, she still has her suspicions."
87,Call Me by Your Name,1/19/2018,94,86,https://resizing.flixster.com/3-gKKPg8sjmk-rE4zz6eF3Rz6II=/206x305/v2/https://flxt.tmsimg.com/NowShowing/174274/174274_aa.jpg,"It's the summer of 1983, and precocious 17-year-old Elio Perlman is spending the days with his family at their 17th-century villa in Lombardy, Italy. He soon meets Oliver, a handsome doctoral student who's working as an intern for Elio's father. Amid the sun-drenched splendor of their surroundings, Elio and Oliver discover the heady beauty of awakening desire over the course of a summer that will alter their lives forever."
88,Psycho,6/16/1960,96,95,https://resizing.flixster.com/FEpYPZwCKhHM4nmHd0fr3Khy66M=/206x305/v2/https://flxt.tmsimg.com/assets/p283_p_v8_an.jpg,"Phoenix secretary Marion Crane (Janet Leigh), on the lam after stealing $40,000 from her employer in order to run away with her boyfriend, Sam Loomis (John Gavin), is overcome by exhaustion during a heavy rainstorm. Traveling on the back roads to avoid the police, she stops for the night at the ramshackle Bates Motel and meets the polite but highly strung proprietor Norman Bates (Anthony Perkins), a young man with an interest in taxidermy and a difficult relationship with his mother."
89,1917,1/10/2020,88,88,https://resizing.flixster.com/xn9hJ0PKVjKS0hFqBU8ZbTriSos=/206x305/v2/https://flxt.tmsimg.com/assets/p17060373_p_v8_ac.jpg,"During World War I, two British soldiers -- Lance Cpl. Schofield and Lance Cpl. Blake -- receive seemingly impossible orders. In a race against time, they must cross over into enemy territory to deliver a message that could potentially save 1,600 of their fellow comrades -- including Blake's own brother."
90,L.A. Confidential,9/19/1997,99,94,https://resizing.flixster.com/TQ8lr8vOLtaQqvjM1aRmEoeJe04=/206x305/v2/https://flxt.tmsimg.com/assets/p19411_p_v12_ah.jpg,"Three policemen, each with his own motives and obsessions, tackle the corruption surrounding an unsolved murder at a downtown Los Angeles coffee shop in the early 1950s. Detective Lieutenant Exley (Guy Pearce), the son of a murdered detective, is out to avenge his father's killing. The ex-partner of Officer White (Russell Crowe), implicated in a scandal rooted out by Exley, was one of the victims. Sergeant Vincennes (Kevin Spacey) feeds classified information to a tabloid magnate (Danny DeVito)."
91,The Florida Project,10/6/2017,96,80,https://resizing.flixster.com/GI374K5ghNYQ_zOGqMb_zY5mrDo=/206x305/v2/https://flxt.tmsimg.com/assets/p14263302_p_v8_as.jpg,"Set in the shadow of the most magical place on Earth, 6-year-old Moonee and her two best friends forge their own adventures, while Moonee's struggling mom and a kindhearted motel manager protect the kids from the harsh reality that surrounds them."
92,War for the Planet of the Apes,7/14/2017,94,84,https://resizing.flixster.com/G2T7ByPN6wKl1GrCXIr--QUQBuU=/206x305/v2/https://flxt.tmsimg.com/NowShowing/154458/154458_ac.jpg,"Caesar (Andy Serkis) and his apes are forced into a deadly conflict with an army of humans led by a ruthless colonel (Woody Harrelson). After the apes suffer unimaginable losses, Caesar wrestles with his darker instincts and begins his own mythic quest to avenge his kind. As the journey finally brings them face to face, Caesar and the colonel are pitted against each other in an epic battle that will determine the fate of both of their species and the future of the planet."
93,Paddington 2,1/12/2018,99,87,https://resizing.flixster.com/1u5JYcQU1tlFd9hQIZAMkMC2GQg=/206x305/v2/https://resizing.flixster.com/_jwM_7GSpEfRx7i0o50FOukxN0c=/ems.ZW1zLXByZC1hc3NldHMvbW92aWVzLzAxNmRiOTc4LTVjOGMtNDU2My04OWNhLTA0ZDFiMDhlYTRlNi53ZWJw,"Settled in with the Brown family, Paddington the bear is a popular member of the community who spreads joy and marmalade wherever he goes. One fine day, he spots a pop-up book in an antique shop -- the perfect present for his beloved aunt's 100th birthday. When a thief steals the prized book, Paddington embarks on an epic quest to unmask the culprit before Aunt Lucy's big celebration."
94,A Hard Day's Night,8/11/1964,98,89,https://resizing.flixster.com/kBTMV1Hb4jkd8UdxNGf249t29Us=/206x305/v2/https://flxt.tmsimg.com/assets/p10514_p_v8_aa.jpg,"The Beatles in their feature film debut, one of the greatest rock-and-roll comedy adventures ever. The film has a fully restored negative and digitally restored soundtrack. The film takes on the just-left-of-reality style of mock-documentary, following ""a day in the life"" of John, Paul, George, and Ringo as fame takes them by storm."
95,Widows,11/16/2018,91,61,https://resizing.flixster.com/1wMTyxQ_PZvAydCrz5U_73s0VDs=/206x305/v2/https://flxt.tmsimg.com/assets/p15495823_p_v8_ab.jpg,"A police shootout leaves four thieves dead during an explosive armed robbery attempt in Chicago. Their widows -- Veronica, Linda, Alice and Belle -- have nothing in common except a debt left behind by their spouses' criminal activities. Hoping to forge a future on their own terms, Veronica joins forces with the other three women to pull off a heist that her husband was planning."
96,Never Rarely Sometimes Always,3/13/2020,99,53,https://resizing.flixster.com/pYtC36e36KfWVoHjFd6PsMpLTzk=/206x305/v2/https://flxt.tmsimg.com/assets/p17733641_p_v8_aa.jpg,"Faced with an unintended pregnancy and a lack of local support, Autumn and her cousin, Skylar, travel across state lines to New York City on a fraught journey of friendship, bravery and compassion."
97,Baby Driver,6/28/2017,92,86,https://resizing.flixster.com/uFQqZC0-kgxr-bW6sgrF2ac-Q9A=/206x305/v2/https://resizing.flixster.com/GgA-k4P1vFrpzOXYwoDjev4klSo=/ems.ZW1zLXByZC1hc3NldHMvbW92aWVzLzQwYzVkN2Y2LWQ5M2QtNDI1Yi05NDAzLTM5ZTE1Y2U1ZDEyNy53ZWJw,"Talented getaway driver Baby (Ansel Elgort) relies on the beat of his personal soundtrack to be the best in the game. After meeting the woman (Lily James) of his dreams, he sees a chance to ditch his shady lifestyle and make a clean break. Coerced into working for a crime boss (Kevin Spacey), Baby must face the music as a doomed heist threatens his life, love and freedom."
98,Spider-Man: Homecoming,7/7/2017,92,87,https://resizing.flixster.com/XQFzpvgkCf4XcCmJXu3UMw9nuP4=/206x305/v2/https://flxt.tmsimg.com/NowShowing/169646/169646_aa.jpg,"Thrilled by his experience with the Avengers, young Peter Parker returns home to live with his Aunt May. Under the watchful eye of mentor Tony Stark, Parker starts to embrace his newfound identity as Spider-Man. He also tries to return to his normal daily routine -- distracted by thoughts of proving himself to be more than just a friendly neighborhood superhero. Peter must soon put his powers to the test when the evil Vulture emerges to threaten everything that he holds dear."
99,"The Godfather, Part II",12/12/1974,96,97,https://resizing.flixster.com/TBfuMD-csQccn6ZxodAdo30alE4=/206x305/v2/https://flxt.tmsimg.com/assets/p6319_p_v8_bc.jpg,"The compelling sequel to ""The Godfather,"" contrasting the life of Corleone father and son. Traces the problems of Michael Corleone (Al Pacino) in 1958 and that of a young immigrant Vito Corleone (Robert De Niro) in 1917's Hell's Kitchen. Michael survives many misfortunes and Vito is introduced to a life of crime."
100,The Battle of Algiers,9/20/1967,99,95,https://resizing.flixster.com/zTcnjUzX_w4DfHxQFNYYgJXwIjc=/206x305/v2/https://flxt.tmsimg.com/assets/p379_p_v8_aa.jpg,"Paratrooper commander Colonel Mathieu (Jean Martin), a former French Resistance fighter during World War II, is sent to 1950s Algeria to reinforce efforts to squelch the uprisings of the Algerian War. There he faces Ali la Pointe (Brahim Haggiag), a former petty criminal who, as the leader of the Algerian Front de Liberation Nationale, directs terror strategies against the colonial French government occupation. As each side resorts to ever-increasing brutality, no violent act is too unthinkable."
